frame,x_offset,turn
1,19.275035844309627,straight
1,9.905021208638345,straight
1,6.774534090242014,straight
1,5.953313921396443,straight
1,-2.6374357294334914,straight
1,-0.4328155529694868,straight
1,13.306043757587645,straight
1,-7.449211091625784,straight
1,-5.808360740582657,straight
1,-4.240234270173914,straight
1,2.6605428062621286,straight
1,0.37588710876582354,straight
